id,fname,lname,address,username
65080,Kevon,Raffeorty,9 Mayer Trail,21-7026491
49990,Netti,McLellan,9 Mallory Road,05-3454901
79511,Kathye,Wakelam,596 David Point,52-9267943
29622,Hasty,Petzold,1841 Lillian Avenue,97-7919204
34060,Janetta,Buxcey,9512 Bellgrove Place,55-8534569
87181,Jo ann,Crumley,9005 Nelson Road,85-4974070
91029,Scotty,Ivan,3 Continental Way,72-6881214
20257,Georgie,Corish,2 Namekagon Lane,37-4299012
51538,Alvie,Hast,07 Shoshone Junction,18-4505849
57511,Genia,Lantaff,14155 Glacier Hill Circle,81-0099125